frame,t,u,v,r,X,Y,Z,X_smooth,Y_smooth,speed_2d,speed_3d,hook_angle_deg
13560,226.226,941.0,671.0,45.0,1.0499999523162808,5.589793395376665,0.5,1.0499999523162808,5.58555450843774,0.40262441004059596,1.15432506291278,179.99999999999986
13561,226.24268333333333,941.0,670.0,44.0,1.0499999523162804,5.588896480698496,0.48195144030416714,1.0499999523162808,5.592271625678584,0.3594390236180821,1.296323582085919,179.99999999999986
13562,226.25936666666666,941.0,670.0,44.0,1.0499999523162804,5.588896480698496,0.4611724278833344,1.0499999523162808,5.598268266722612,0.31625363719599414,1.4442107691542927,179.99999999999986
13563,226.27605,946.0,670.0,47.0,1.0499999523162806,5.611283069197845,0.43766296273750177,1.0499999523162817,5.603544431569832,0.41065878055586946,1.6255492807487135,179.99999999999986
13564,226.29273333333333,946.0,670.0,47.0,1.0499999523162806,5.611283069197845,0.41142304486666925,1.049999952316282,5.610395588892105,0.21359964601715595,1.749573539103645,179.99999999999986
13565,226.30941666666666,946.0,670.0,47.0,1.0499999523162806,5.611283069197845,0.3824526742708369,1.049999952316282,5.6139591429864915,0.09518711127729312,1.9025319336160398,179.99999999999986
13566,226.3261,947.0,667.0,47.0,1.049999952316281,5.613288789866164,0.3507518509500047,1.0499999523162822,5.612371104680015,0.029132291803677737,2.064018352023111,179.99999999999986
13567,226.34278333333333,947.0,666.0,47.0,1.0499999523162808,5.612416899160992,0.3163205749041726,1.0499999523162824,5.611885080945091,0.11115299077321882,2.2302478408624817,179.99999999999986
13568,226.35946666666666,947.0,667.0,47.0,1.049999952316281,5.613288789866164,0.27915884613334063,1.0499999523162824,5.613739483341157,0.17899536461653454,2.3978299865887327,179.99999999999986
13569,226.37615,947.0,667.0,47.0,1.049999952316281,5.613288789866164,0.23926666463750876,1.0499999523162822,5.616725722674176,0.17549124444568384,2.560823465818655,179.99999999999986
13570,226.39283333333333,950.0,663.0,48.0,1.0499999523162806,5.623973255735253,0.19664403041667705,1.0499999523162822,5.619653501602345,0.25851512253634984,2.7307309533228135,179.99999999999986
13571,226.40951666666666,950.0,663.0,48.0,1.0499999523162806,5.623973255735253,0.15129094347084548,1.049999952316282,5.623966395563326,0.23059414788717228,2.8913402496082363,179.99999999999986
13572,226.4262,950.0,663.0,48.0,1.0499999523162806,5.623973255735253,0.10320740380001403,1.049999952316282,5.627813474597244,0.08979682515241595,3.0471171682996103,179.99999999999986
13573,226.44288333333333,952.0,662.0,47.0,1.0499999523162804,5.632806934294221,0.05239341140418266,1.0499999523162817,5.629311584963537,0.21448343544986895,3.1477799575855547,179.99999999999986
13574,226.45956666666666,952.0,661.0,47.0,1.0499999523162804,5.63195357244446,0.0,1.049999952316282,5.632889883611625,0.07622301346407273,0.07622301346407273,179.99999999999986
13575,226.47625,952.0,662.0,47.0,1.0499999523162804,5.632806934294221,0.0,1.0499999523162817,5.6341615375529175,0.09282899506390738,0.09282899506390738,179.99999999999986
13576,226.49293333333333,953.0,660.0,47.0,1.049999952316281,5.636030141760813,0.0,1.0499999523162817,5.632612840485268,0.15595220703507404,0.15595220703507404,179.99999999999986
13577,226.50961666666666,952.0,658.0,47.0,1.0499999523162802,5.62936717190779,0.0,1.0499999523162817,5.630011037831233,0.04392681832454818,0.04392681832454818,179.99999999999986
13578,226.5263,952.0,658.0,47.0,1.0499999523162802,5.62936717190779,0.0,1.0499999523162815,5.630743883583614,0.1951592348894803,0.1951592348894803,179.99999999999986
13579,226.54298333333332,952.0,658.0,47.0,1.0499999523162802,5.62936717190779,0.0,1.0499999523162817,5.6339997901523535,0.36317357111354664,0.36317357111354664,179.99999999999986
13580,226.55966666666666,954.0,665.0,52.0,1.049999952316281,5.6451687323137545,0.0,1.0499999523162822,5.640058735897098,0.25648027771676724,0.25648027771676724,179.99999999999986
13581,226.57635,954.0,665.0,52.0,1.049999952316281,5.6451687323137545,0.0,1.0499999523162824,5.644337681863672,0.10704063634202132,0.10704063634202132,179.99999999999986
13582,226.59303333333332,954.0,665.0,52.0,1.049999952316281,5.6451687323137545,0.0,1.0499999523162824,5.646123476479978,0.13817103823967727,0.13817103823967727,179.99999999999986
13583,226.60971666666666,956.0,651.0,46.0,1.0499999523162808,5.643518233267844,0.0,1.0499999523162824,5.643818322992013,0.005781591564120709,0.005781591564120709,179.99999999999986
13584,226.62640000000002,956.0,651.0,46.0,1.0499999523162808,5.643518233267844,0.0,1.0499999523162822,5.643721866772752,0.030835821904357,0.030835821904357,179.99999999999986
13585,226.64308333333335,956.0,651.0,46.0,1.0499999523162808,5.643518233267844,0.0,1.049999952316282,5.644236311068189,0.06188562863063708,0.06188562863063708,179.99999999999986
13586,226.65976666666668,957.0,648.0,46.0,1.0499999523162802,5.646144037824833,0.0,1.0499999523162817,5.645268769639177,0.0147685406510309,0.0147685406510309,179.99999999999986
13587,226.67645000000002,957.0,648.0,46.0,1.0499999523162802,5.646144037824833,0.0,1.0499999523162813,5.645515158125705,0.06778483618734399,0.06778483618734399,179.99999999999986
13588,226.69313333333335,957.0,648.0,46.0,1.0499999523162802,5.646144037824833,0.0,1.0499999523162813,5.646646035142764,0.07561124093205894,0.07561124093205894,179.99999999999986
13589,226.70981666666668,957.0,648.0,46.0,1.0499999523162802,5.646144037824833,0.0,1.0499999523162817,5.64790748267898,0.08005492343608646,0.08005492343608646,179.99999999999986
13590,226.72650000000002,958.0,648.0,46.0,1.049999952316281,5.651434372387255,0.0,1.0499999523162822,5.649243065651639,0.12906994902594965,0.12906994902594965,179.99999999999986
13591,226.74318333333335,958.0,648.0,46.0,1.049999952316281,5.651434372387255,0.0,1.0499999523162824,5.651396382634555,0.12223862486271186,0.12223862486271186,179.99999999999986
13592,226.75986666666668,958.0,648.0,46.0,1.049999952316281,5.651434372387255,0.0,1.0499999523162824,5.653435730359348,0.1254776060066916,0.1254776060066916,179.99999999999986
13593,226.77655000000001,959.0,647.0,45.0,1.0499999523162813,5.655926922142821,0.0,1.0499999523162826,5.655529115086226,0.02193678212385112,0.02193678212385112,179.99999999999986
13594,226.79323333333335,959.0,647.0,45.0,1.0499999523162813,5.655926922142821,0.0,1.0499999523162826,5.6551631364377934,0.15928086494733604,0.15928086494733604,179.99999999999986
13595,226.80991666666668,959.0,647.0,45.0,1.0499999523162813,5.655926922142821,0.0,1.0499999523162824,5.6525058006742555,0.25635435953270247,0.25635435953270247,179.99999999999986
13596,226.8266,956.0,652.0,52.0,1.0499999523162804,5.644379972092657,0.0,1.049999952316282,5.648228955442718,0.18291290605386346,0.18291290605386346,179.99999999999986
13597,226.84328333333335,956.0,652.0,52.0,1.0499999523162804,5.644379972092657,0.0,1.0499999523162817,5.645177358460053,0.12113057128015746,0.12113057128015746,179.99999999999986
13598,226.85996666666668,956.0,652.0,52.0,1.0499999523162804,5.644379972092657,0.0,1.0499999523162817,5.643156496762529,0.021405477680373434,0.021405477680373434,179.99999999999986
13599,226.87665,956.0,652.0,52.0,1.0499999523162804,5.644379972092657,0.0,1.0499999523162817,5.64351361148183,0.10212562304373976,0.10212562304373976,179.99999999999986
13600,226.89333333333335,956.0,649.0,53.0,1.0499999523162804,5.641780890260155,0.0,1.0499999523162815,5.641809815670717,0.030782696771160016,0.030782696771160016,179.99999999999986
13601,226.91001666666668,956.0,649.0,53.0,1.0499999523162804,5.641780890260155,0.0,1.0499999523162817,5.642323373661849,0.1283321596120779,0.1283321596120779,179.99999999999986
13602,226.9267,956.0,649.0,53.0,1.0499999523162804,5.641780890260155,0.0,1.0499999523162822,5.644464381858044,0.2706749277570538,0.2706749277570538,179.99999999999986
13603,226.94338333333334,958.0,647.0,54.0,1.0499999523162815,5.650573959863087,0.0,1.0499999523162828,5.639948621813297,0.8423842881559391,0.8423842881559391,179.99999999999986
13604,226.96006666666668,958.0,647.0,54.0,1.0499999523162815,5.650573959863087,0.0,1.0499999523162826,5.654002399687365,1.4588869538589357,1.4588869538589357,179.99999999999986
13605,226.97675,958.0,647.0,54.0,1.0499999523162815,5.650573959863087,0.0,1.0499999523162822,5.6783414970342445,1.563996010225323,1.563996010225323,179.99999999999986
13606,226.99343333333334,972.0,648.0,59.0,1.0499999523162793,5.731364265775699,0.0,1.0499999523162813,5.704434163804836,1.3280775055555787,1.3280775055555787,179.99999999999986
13607,227.01011666666668,972.0,648.0,59.0,1.0499999523162793,5.731364265775699,0.0,1.0499999523162806,5.726590923522521,0.7750699010825592,0.7750699010825592,179.99999999999986
13608,227.0268,972.0,648.0,59.0,1.0499999523162793,5.731364265775699,0.0,1.0499999523162804,5.739521673038915,0.29465097077883307,0.29465097077883307,179.99999999999986
13609,227.04348333333334,972.0,648.0,59.0,1.0499999523162793,5.731364265775699,0.0,1.0499999523162808,5.734605912676422,0.1617896575941832,0.1617896575941832,179.99999999999986
13610,227.06016666666667,974.0,644.0,59.0,1.04999995231628,5.741089206477844,0.0,1.049999952316281,5.737305103463951,0.21531900036593424,0.21531900036593424,179.99999999999986
13611,227.07685,974.0,644.0,59.0,1.04999995231628,5.741089206477844,0.0,1.0499999523162813,5.740897342120056,0.5308130423502898,0.5308130423502898,179.99999999999986
13612,227.09353333333334,974.0,644.0,59.0,1.04999995231628,5.741089206477844,0.0,1.0499999523162815,5.749753073043267,0.8460388445295853,0.8460388445295853,179.99999999999986
13613,227.11021666666667,975.0,643.0,58.0,1.0499999523162802,5.746784995666297,0.0,1.0499999523162815,5.735638324987032,0.383441973781684,0.383441973781684,179.99999999999986
13614,227.1269,975.0,643.0,58.0,1.0499999523162802,5.746784995666297,0.0,1.0499999523162815,5.729241234724441,0.03821296802966167,0.03821296802966167,179.99999999999986
13615,227.14358333333334,967.0,628.0,44.0,1.0499999523162804,5.685474599591171,0.0,1.0499999523162813,5.728603715041146,0.24516374687841397,0.24516374687841397,179.99999999999986
13616,227.16026666666667,976.0,641.0,58.0,1.0499999523162795,5.751924181526389,0.0,1.049999952316281,5.732693863551567,0.9526658147087842,0.9526658147087842,179.99999999999986
13617,227.17695,976.0,641.0,58.0,1.0499999523162795,5.751924181526389,0.0,1.0499999523162806,5.748587504893625,0.40950275655776974,0.40950275655776974,179.99999999999986
13618,227.19363333333334,976.0,641.0,58.0,1.0499999523162795,5.751924181526389,0.0,1.0499999523162808,5.755419375882197,1.3983149943264626,1.3983149943264626,179.99999999999986
13619,227.21031666666667,976.0,641.0,58.0,1.0499999523162795,5.751924181526389,0.0,1.0499999523162813,5.732090820726851,1.5171408701545153,1.5171408701545153,179.99999999999986
13620,227.227,968.0,629.0,45.0,1.0499999523162808,5.692424099127754,0.0,1.0499999523162817,5.706779853876441,0.5264903775925491,0.5264903775925491,179.99999999999986
13621,227.24368333333334,968.0,629.0,45.0,1.0499999523162808,5.692424099127754,0.0,1.049999952316282,5.697996239410272,0.4754928899917901,0.4754928899917901,179.99999999999986
13622,227.26036666666667,968.0,629.0,45.0,1.0499999523162808,5.692424099127754,0.0,1.049999952316282,5.705929045791635,1.7508970001301174,1.7508970001301174,179.99999999999986
13623,227.27705,976.0,638.0,56.0,1.04999995231628,5.749938962661843,0.0,1.0499999523162815,5.735139844077138,0.23341055527377408,0.23341055527377408,179.99999999999986
13624,227.29373333333334,976.0,638.0,56.0,1.04999995231628,5.749938962661843,0.0,1.0499999523162815,5.739033910174289,0.6023314711299421,0.6023314711299421,179.99999999999986
13625,227.31041666666667,976.0,638.0,56.0,1.04999995231628,5.749938962661843,0.0,1.0499999523162815,5.7490828068843065,0.7079740986578225,0.7079740986578225,179.99999999999986
13626,227.3271,970.0,628.0,47.0,1.049999952316281,5.704027685432004,0.0,1.0499999523162817,5.737271439005032,0.997845605197983,0.997845605197983,179.99999999999986
13627,227.34378333333333,979.0,633.0,57.0,1.0499999523162804,5.766817666169432,0.0,1.0499999523162822,5.720624048158313,0.013850364727566835,0.013850364727566835,179.99999999999986
13628,227.36046666666667,970.0,628.0,47.0,1.049999952316281,5.704027685432004,0.0,1.0499999523162822,5.720855118409851,0.8968322753414024,0.8968322753414024,179.99999999999986
13629,227.37715,970.0,628.0,47.0,1.049999952316281,5.704027685432004,0.0,1.0499999523162822,5.735817270203463,0.7076737036628432,0.7076737036628432,179.99999999999986
13630,227.39383333333333,980.0,631.0,55.0,1.0499999523162808,5.7724864480017475,0.0,1.0499999523162826,5.747623626492905,1.1768930076423905,1.1768930076423905,179.99999999999986
13631,227.41051666666667,980.0,631.0,55.0,1.0499999523162808,5.7724864480017475,0.0,1.049999952316282,5.767258124837071,0.12170645246862104,0.12170645246862104,179.99999999999986
13632,227.4272,980.0,631.0,55.0,1.0499999523162808,5.7724864480017475,0.0,1.0499999523162817,5.76522765552172,1.2513151264274727,1.2513151264274727,179.99999999999986
13633,227.44388333333333,975.0,621.0,45.0,1.0499999523162795,5.731150424113146,0.0,1.0499999523162813,5.744351548162489,0.6912386749877651,0.6912386749877651,179.99999999999986
13634,227.46056666666667,975.0,621.0,45.0,1.0499999523162795,5.731150424113146,0.0,1.0499999523162808,5.732819382934776,0.1887687478571446,0.1887687478571446,179.99999999999986
13635,227.47725,975.0,621.0,45.0,1.0499999523162795,5.731150424113146,0.0,1.0499999523162808,5.72967009099136,0.45023555026126477,0.45023555026126477,179.99999999999986
13636,227.49393333333333,976.0,620.0,44.0,1.04999995231628,5.7372147052052265,0.0,1.049999952316281,5.737181520754885,0.13731571767304335,0.13731571767304335,179.99999999999986
13637,227.51061666666666,977.0,619.0,45.0,1.0499999523162797,5.743390790068525,0.0,1.049999952316281,5.73947240464473,0.27047195814987174,0.27047195814987174,179.99999999999986
13638,227.5273,977.0,617.0,44.0,1.0499999523162797,5.741911290212686,0.0,1.049999952316281,5.743984778479864,0.11857849714340306,0.11857849714340306,179.99999999999986
13639,227.54398333333333,977.0,617.0,44.0,1.0499999523162797,5.741911290212686,0.0,1.0499999523162813,5.745963063073873,0.008991098035497611,0.008991098035497611,179.99999999999986
13640,227.56066666666666,979.0,613.0,44.0,1.0499999523162804,5.753227650099588,0.0,1.049999952316282,5.746113064559432,0.09254901616579315,0.09254901616579315,179.99999999999986
13641,227.57735,978.0,612.0,44.0,1.049999952316281,5.745268691393614,0.0,1.049999952316282,5.747657090645798,0.0592422630788824,0.0592422630788824,179.99999999999986
13642,227.59403333333333,978.0,612.0,44.0,1.049999952316281,5.745268691393614,0.0,1.049999952316282,5.748645449068164,0.14918160641950495,0.14918160641950495,179.99999999999986
13643,227.61071666666666,979.0,610.0,44.0,1.0499999523162797,5.751028724634417,0.0,1.0499999523162815,5.746156602601065,0.33753009964936104,0.33753009964936104,179.99999999999986
13644,227.6274,979.0,610.0,44.0,1.0499999523162797,5.751028724634417,0.0,1.049999952316281,5.7517877297635485,0.4496016428000501,0.4496016428000501,179.99999999999986
13645,227.64408333333333,979.0,610.0,44.0,1.0499999523162797,5.751028724634417,0.0,1.049999952316281,5.759288583837596,0.43888846489534544,0.43888846489534544,179.99999999999986
13646,227.66076666666666,982.0,611.0,43.0,1.04999995231628,5.77406693093591,0.0,1.0499999523162813,5.7666107063936,0.41559421780641737,0.41559421780641737,179.99999999999986
13647,227.67745,982.0,612.0,43.0,1.0499999523162806,5.77473646361045,0.0,1.0499999523162817,5.77354420326067,0.19723309100933367,0.19723309100933367,179.99999999999986
13648,227.69413333333333,982.0,612.0,43.0,1.0499999523162806,5.77473646361045,0.0,1.049999952316282,5.776834708662342,0.148794684208737,0.148794684208737,179.99999999999986
13649,227.71081666666666,982.0,612.0,43.0,1.0499999523162806,5.77473646361045,0.0,1.0499999523162815,5.77435231734746,0.10758159686525763,0.10758159686525763,179.99999999999986
13650,227.7275,982.0,610.0,43.0,1.0499999523162793,5.773392729771588,0.0,1.049999952316281,5.7725574977064245,0.09235510868492516,0.09235510868492516,179.99999999999986
13651,227.74418333333332,982.0,610.0,43.0,1.0499999523162793,5.773392729771588,0.0,1.0499999523162806,5.774098288769651,0.21922885458917443,0.21922885458917443,179.99999999999986
13652,227.76086666666666,982.0,610.0,43.0,1.0499999523162793,5.773392729771588,0.0,1.0499999523162804,5.777755756827047,0.09256713465849999,0.09256713465849999,179.99999999999986
13653,227.77755,984.0,607.0,42.0,1.0499999523162795,5.786865734891903,0.0,1.0499999523162806,5.7793000851902665,0.5071769446563686,0.5071769446563686,179.99999999999986
13654,227.79423333333332,984.0,607.0,42.0,1.0499999523162795,5.786865734891903,0.0,1.0499999523162808,5.78776148721695,0.6682512888194201,0.6682512888194201,179.99999999999986
13655,227.81091666666666,984.0,607.0,42.0,1.0499999523162795,5.786865734891903,0.0,1.049999952316281,5.798910146218754,0.5681193588757788,0.5681193588757788,179.99999999999986
13656,227.82760000000002,988.0,607.0,45.0,1.04999995231628,5.819149538838058,0.0,1.049999952316281,5.808388270856014,0.7371783404288162,0.7371783404288162,179.99999999999986
13657,227.84428333333335,988.0,607.0,45.0,1.04999995231628,5.819149538838058,0.0,1.0499999523162813,5.820686862835501,0.0,0.0,179.99999999999986
13658,227.86096666666668,988.0,607.0,45.0,1.04999995231628,5.819149538838058,0.0,1.0499999523162813,5.820686862835501,0.7371783404288162,0.7371783404288162,179.99999999999986
13659,227.87765000000002,988.0,607.0,45.0,1.04999995231628,5.819149538838058,0.0,1.049999952316281,5.808388270856014,0.7256653256136154,0.7256653256136154,179.99999999999986
13660,227.89433333333335,984.0,607.0,42.0,1.0499999523162795,5.786865734891903,0.0,1.049999952316281,5.79628175434036,0.42844636836044653,0.42844636836044653,179.99999999999986
13661,227.91101666666668,984.0,607.0,42.0,1.0499999523162795,5.786865734891903,0.0,1.0499999523162808,5.789133840761547,0.09353837096578302,0.09353837096578302,179.99999999999986
13662,227.92770000000002,984.0,607.0,42.0,1.0499999523162795,5.786865734891903,0.0,1.0499999523162806,5.790694372583826,0.05426761677371004,0.05426761677371004,179.99999999999986
13663,227.94438333333335,986.0,604.0,42.0,1.0499999523162797,5.8009908444947165,0.0,1.0499999523162808,5.789789007843985,0.442484775246348,0.442484775246348,179.99999999999986
13664,227.96106666666668,986.0,603.0,41.0,1.049999952316279,5.80038018963801,0.0,1.049999952316281,5.797171128844345,0.25371693724435834,0.25371693724435834,179.99999999999986
13665,227.97775000000001,983.0,604.0,44.0,1.0499999523162802,5.777028246108234,0.0,1.049999952316281,5.8014039730807045,0.1513699597432974,0.1513699597432974,179.99999999999986
13666,227.99443333333335,990.0,598.0,43.0,1.04999995231628,5.831396383567786,0.0,1.049999952316281,5.803929328575755,0.7911105942752211,0.7911105942752211,179.99999999999986
13667,228.01111666666668,987.0,598.0,41.0,1.0499999523162793,5.805618525473977,0.0,1.049999952316281,5.81712769032358,0.9339985847640867,0.9339985847640867,179.99999999999986
13668,228.0278,989.0,599.0,41.0,1.0499999523162795,5.823235183710027,0.0,1.0499999523162808,5.83270990004606,0.12858603241572314,0.12858603241572314,179.99999999999986
13669,228.04448333333335,992.0,602.0,45.0,1.0499999523162797,5.851001922715873,0.0,1.0499999523162804,5.8348551436868625,0.7718228837868022,0.7718228837868022,179.99999999999986
13670,228.06116666666668,992.0,590.0,39.0,1.0499999523162793,5.845383856193,0.0,1.0499999523162808,5.847731722131372,0.3897426438608907,0.3897426438608907,179.99999999999986
13671,228.07785,992.0,591.0,39.0,1.0499999523162786,5.8458726506040355,0.0,1.0499999523162806,5.854233928573118,0.35674978929032386,0.35674978929032386,179.99999999999986
13672,228.09453333333335,994.0,590.0,40.0,1.0499999523162804,5.864225221051891,0.0,1.0499999523162806,5.8601857042244445,0.7026859713168085,0.7026859713168085,179.99999999999986
13673,228.11121666666668,995.0,590.0,40.0,1.0499999523162789,5.8738562159247945,0.0,1.0499999523162802,5.87190884851258,0.6954159603391437,0.6954159603391437,179.99999999999986
13674,228.1279,996.0,591.0,40.0,1.049999952316278,5.883977283082117,0.0,1.0499999523162797,5.883510704784237,0.9038538030217524,0.9038538030217524,179.99999999999986
13675,228.14458333333334,997.0,595.0,41.0,1.049999952316278,5.895064765108319,0.0,1.0499999523162795,5.89858999906465,1.168972535808293,1.168972535808293,179.99999999999986
13676,228.16126666666668,999.0,591.0,40.0,1.0499999523162786,5.914083626132323,0.0,1.0499999523162804,5.918092357537051,1.2073856071892262,1.2073856071892262,179.99999999999986
13677,228.17795,1002.0,589.0,41.0,1.0499999523162808,5.945411653824616,0.0,1.0499999523162808,5.938235574083658,0.21065353079979768,0.21065353079979768,179.99999999999986
13678,228.19463333333334,1003.0,590.0,41.0,1.04999995231628,5.956390998915906,0.0,1.0499999523162813,5.941749977155834,2.343756432035803,2.343756432035803,179.99999999999986
13679,228.21131666666668,1004.0,591.0,41.0,1.049999952316279,5.967448401195212,0.0,1.049999952316281,5.980851646963631,2.7444669856900745,2.7444669856900745,179.99999999999986
13680,228.228,1005.0,590.0,41.0,1.0499999523162797,5.978683602025698,0.0,1.0499999523162804,6.026638504508226,1.3695123404819292,1.3695123404819292,179.99999999999986
13683,228.27805,1016.0,559.0,67.0,1.0499999523162789,6.141659978257689,0.0,1.0499999523162802,6.0951825971493445,0.23819577965680278,0.23819577965680278,179.99999999999986
13684,228.29473333333334,1014.0,560.0,65.0,1.0499999523162786,6.108874735881143,0.0,1.0499999523162806,6.099156496739952,3.5289231074232243,3.5289231074232243,179.99999999999986
13685,228.31141666666667,1015.0,559.0,64.0,1.0499999523162793,6.125500396483321,0.0,1.0499999523162806,6.040282296231109,0.2935843238474667,0.2935843238474667,179.99999999999986
13686,228.3281,1002.0,559.0,65.0,1.0499999523162804,5.942099865156289,0.0,1.0499999523162806,6.035384331094921,4.31362232086777,4.31362232086777,179.99999999999986
13688,228.36146666666667,1010.0,547.0,61.0,1.049999952316278,6.05512628361538,0.0,1.04999995231628,6.179315529201205,6.433787030309679,6.433787030309679,179.99999999999986
13690,228.39483333333334,1043.0,624.0,18.0,1.0499999523162784,6.485706871161247,0.0,1.0499999523162795,6.393989556445867,0.452219969947894,0.452219969947894,179.99999999999986
13723,228.94538333333333,1048.0,591.0,39.0,1.0499999523162766,6.71790652415242,0.0,1.0499999523162782,6.642959260900674,8.505710706747685,8.505710706747685,179.99999999999986
13724,228.96206666666666,1049.0,590.0,39.0,1.0499999523162775,6.749784790066327,0.0,1.0499999523162784,6.784862867858244,0.3920450298910243,0.3920450298910243,179.99999999999986
13725,228.97875,1050.0,587.0,39.0,1.0499999523162757,6.794508716036847,0.0,1.0499999523162777,6.791403485773593,0.3129810445556909,0.3129810445556909,179.99999999999986
13726,228.99543333333332,1050.0,586.0,39.0,1.049999952316278,6.800428213081258,0.0,1.0499999523162784,6.79662505286693,0.40906524730337024,0.40906524730337024,179.99999999999986
13727,229.01211666666666,1050.0,587.0,39.0,1.0499999523162757,6.794508716036847,0.0,1.049999952316278,6.8034496247427745,6.428517178214932,6.428517178214932,179.99999999999986
13728,229.02880000000002,1053.0,584.0,40.0,1.049999952316278,6.904598904071737,0.0,1.049999952316278,6.910698719666174,10.110717861532981,10.110717861532981,179.99999999999986
13729,229.04548333333335,1054.0,580.0,38.0,1.0499999523162746,6.967657003957483,0.0,1.0499999523162773,7.079379195989412,4.959562420212954,4.959562420212954,179.99999999999986
13731,229.07885000000002,1059.0,563.0,41.0,1.049999952316276,7.3531045877140775,0.0,1.0499999523162769,7.24486326207718,0.23865401589629895,0.23865401589629895,179.99999999999986
13732,229.09553333333335,1059.0,565.0,41.0,1.0499999523162746,7.326047252895496,0.0,1.0499999523162757,7.2488448065757165,3.3576972149798205,3.3576972149798205,179.99999999999986
13733,229.11221666666668,1058.0,571.0,39.0,1.0499999523162744,7.206834171637162,0.0,1.0499999523162762,7.1928272247058045,3.0816523231827366,3.0816523231827366,179.99999999999986
13735,229.14558333333335,1055.0,591.0,44.0,1.0499999523162742,6.918555473274416,0.0,1.049999952316276,7.09000275885561,0.5305515938657428,0.5305515938657428,179.99999999999986
13736,229.16226666666668,1058.0,578.0,39.0,1.0499999523162766,7.132831005919132,0.0,1.0499999523162766,7.081151389764616,3.531592144600124,3.531592144600124,179.99999999999986
13737,229.17895000000001,1059.0,576.0,39.0,1.0499999523162746,7.194288306321279,0.0,1.0499999523162766,7.14007011871036,6.287108383279601,6.287108383279601,179.99999999999986
13738,229.19563333333335,1059.0,574.0,39.0,1.0499999523162757,7.216309472256618,0.0,1.0499999523162769,7.244960043571406,1.3629202519303742,1.3629202519303742,179.99999999999986
13739,229.21231666666668,1060.0,574.0,38.0,1.0499999523162753,7.260018479920844,0.0,1.0499999523162773,7.26769809644111,1.361443003029267,1.361443003029267,179.99999999999986
13740,229.229,1061.0,573.0,38.0,1.0499999523162777,7.317721018348765,0.0,1.0499999523162784,7.2904115038749815,1.6067331224941888,1.6067331224941888,179.99999999999986
13741,229.24568333333335,1061.0,574.0,37.0,1.049999952316278,7.305195617252297,0.0,1.0499999523162789,7.317217168135259,0.10737218258710483,0.10737218258710483,179.99999999999986
13742,229.26236666666668,1061.0,573.0,37.0,1.0499999523162777,7.317721018348765,0.0,1.0499999523162793,7.319008494048087,1.806069499989319,1.806069499989319,179.99999999999986
13743,229.27905,1062.0,573.0,37.0,1.0499999523162773,7.365102494639682,0.0,1.0499999523162789,7.349139753539575,4.118173055506004,4.118173055506004,179.99999999999986
13744,229.29573333333335,1062.0,573.0,37.0,1.0499999523162773,7.365102494639682,0.0,1.0499999523162782,7.417844607348932,5.85087292454693,5.85087292454693,179.99999999999986
13745,229.31241666666668,1068.0,582.0,47.0,1.0499999523162755,7.53754550195362,0.0,1.049999952316277,7.515456670640121,5.227370879954278,5.227370879954278,179.99999999999986
13746,229.3291,1069.0,581.0,47.0,1.0499999523162749,7.606752518498901,0.0,1.0499999523162755,7.602666641487356,2.3917224351985666,2.3917224351985666,179.99999999999986
13747,229.34578333333334,1070.0,580.0,47.0,1.0499999523162724,7.679949031874306,0.0,1.0499999523162746,7.642568544114584,0.39340456972523563,0.39340456972523563,179.99999999999986
13748,229.36246666666668,1068.0,576.0,44.0,1.0499999523162729,7.634535525954471,0.0,1.0499999523162749,7.636005244543002,1.2164294568754703,1.2164294568754703,179.99999999999986
13749,229.37915,1065.0,569.0,36.0,1.0499999523162753,7.5824722168643355,0.0,1.0499999523162757,7.615711146437463,2.26566963817751,2.26566963817751,179.99999999999986
13750,229.39583333333334,1065.0,564.0,34.0,1.0499999523162746,7.671640115304408,0.0,1.0499999523162764,7.65351006823439,8.2103405137073,8.2103405137073,179.99999999999986
13751,229.41251666666668,1065.0,562.0,33.0,1.0499999523162762,7.7101264681065,0.0,1.0499999523162762,7.790485915804737,8.859408234067113,8.859408234067113,179.99999999999986
13752,229.4292,1072.0,572.0,44.0,1.0499999523162733,7.97057337668085,0.0,1.049999952316276,7.938290376509753,1.9318806113577593,1.9318806113577593,179.99999999999986
13753,229.44588333333334,1073.0,570.0,44.0,1.0499999523162744,8.094395064095607,0.0,1.0499999523162757,7.970520584709238,0.9553406433417102,0.9553406433417102,179.99999999999986
13754,229.46256666666667,1071.0,568.0,41.0,1.0499999523162753,7.992746393864322,0.0,1.0499999523162755,7.9864588511089885,7.013700516349891,7.013700516349891,179.99999999999986
13755,229.47925,1069.0,567.0,40.0,1.0499999523162726,7.872630008525746,0.0,1.0499999523162746,8.103470754723423,5.93579796148891,5.93579796148891,179.99999999999986
13756,229.49593333333334,1073.0,565.0,41.0,1.0499999523162733,8.232370496167212,0.0,1.0499999523162735,8.20249965071426,6.5272901751006644,6.5272901751006644,179.99999999999986
13757,229.51261666666667,1077.0,565.0,43.0,1.0499999523162702,8.612159000910513,0.0,1.0499999523162733,8.311396608468854,4.179824920332722,4.179824920332722,179.99999999999986
13758,229.5293,1073.0,565.0,39.0,1.0499999523162733,8.232370496167212,0.0,1.0499999523162746,8.381130020889737,6.48277971648403,6.48277971648403,179.99999999999986
13759,229.54598333333334,1074.0,563.0,39.0,1.0499999523162746,8.384697703346077,0.0,1.0499999523162749,8.48928439582641,17.424617948104174,17.424617948104174,179.99999999999986
13760,229.56266666666667,1076.0,561.0,38.0,1.0499999523162749,8.660360265210613,0.0,1.0499999523162742,8.779985105260607,17.186457907566687,17.186457907566687,179.99999999999986
13761,229.57935,1082.0,564.0,45.0,1.0499999523162702,9.268467763553884,0.0,1.0499999523162733,9.066712511351838,13.131525274296683,13.131525274296683,179.99999999999986
13762,229.59603333333334,1083.0,563.0,46.0,1.0499999523162689,9.475717740196952,0.0,1.0499999523162726,9.285790124678016,6.980705451517248,6.980705451517248,179.99999999999986
13763,229.61271666666667,1081.0,566.0,46.0,1.0499999523162744,9.030887077336502,0.0,1.049999952316272,9.402251560627493,2.303980976000495,2.303980976000495,179.99999999999986
13764,229.6294,1083.0,562.0,47.0,1.0499999523162713,9.538396494323775,0.0,1.049999952316273,9.363813478011219,0.9154964836868787,0.9154964836868787,179.99999999999986
13765,229.64608333333334,1083.0,563.0,47.0,1.0499999523162689,9.475717740196952,0.0,1.0499999523162729,9.379087011014061,11.257526626536357,11.257526626536357,179.99999999999986
13766,229.66276666666667,1082.0,562.0,46.0,1.0499999523162724,9.382724078067028,0.0,1.0499999523162709,9.566900080233438,1.5348677992039772,1.5348677992039772,179.99999999999986
13767,229.67945,1083.0,561.0,46.0,1.049999952316268,9.603355627457992,0.0,1.04999995231627,9.592506791350157,10.624306956544276,10.624306956544276,179.99999999999986
13768,229.69613333333334,1084.0,559.0,46.0,1.0499999523162662,9.923606509209026,0.0,1.049999952316268,9.769755645741833,15.047742476989582,15.047742476989582,179.99999999999986
13769,229.71281666666667,1078.0,546.0,34.0,1.0499999523162649,9.786420961711155,0.0,1.049999952316265,10.020802149399604,1.4717150133436057,1.4717150133436057,179.99999999999986
13770,229.7295,1079.0,544.0,34.0,1.0499999523162624,10.16422670729299,0.0,1.0499999523162644,9.996249037260322,0.40512042340928134,0.40512042340928134,179.99999999999986
13771,229.74618333333333,1079.0,544.0,34.0,1.0499999523162624,10.16422670729299,0.0,1.0499999523162653,10.0030077963242,6.437313065371584,6.437313065371584,179.99999999999986
13772,229.76286666666667,1078.0,549.0,39.0,1.0499999523162662,9.566199870858823,0.0,1.0499999523162664,9.895611956683586,5.909339591897033,5.909339591897033,179.99999999999986
13773,229.77955,1082.0,552.0,39.0,1.0499999523162689,10.097475533948431,0.0,1.049999952316268,9.797024474492106,3.3514377482448334,3.3514377482448334,179.99999999999986
13774,229.79623333333333,1080.0,553.0,38.0,1.0499999523162655,9.636729582857305,0.0,1.0499999523162704,9.85293762759199,23.77101541983876,23.77101541983876,179.99999999999986
13775,229.81291666666667,1082.0,550.0,38.0,1.049999952316268,10.277894200066916,0.0,1.0499999523162686,10.249517401512957,14.389788898198127,14.389788898198127,179.99999999999986
13776,229.8296,1082.0,547.0,36.0,1.0499999523162702,10.58015040154777,0.0,1.049999952316266,10.48958704629789,57.737020792992034,57.737020792992034,179.99999999999986
13777,229.84628333333333,1085.0,547.0,36.0,1.0499999523162569,11.454116353647754,0.0,1.0499999523162635,11.452833009860951,46.58243436969881,46.58243436969881,179.99999999999986
13778,229.86296666666667,1085.0,545.0,36.0,1.0499999523162595,11.764524898098971,0.0,1.0499999523162618,12.229983289928741,62.832030107283565,62.832030107283565,179.99999999999986
13779,229.87965,1086.0,537.0,34.0,1.0499999523162598,14.090300267919478,0.0,1.049999952316259,13.278230992218564,65.00807904260739,65.00807904260739,179.99999999999986
13780,229.89633333333333,1086.0,538.0,34.0,1.0499999523162606,13.784248652289808,0.0,1.0499999523162635,14.362782444246038,64.04197816219684,64.04197816219684,179.99999999999986
13781,229.91301666666666,1088.0,537.0,34.0,1.0499999523162526,15.66296684448592,0.0,1.0499999523162555,15.431216113251997,85.9177154029662,85.9177154029662,179.99999999999986
13782,229.9297,1088.0,535.0,33.0,1.049999952316257,16.636420566242514,0.0,1.049999952316243,16.864609998558116,63.00258688622203,63.00258688622203,179.99999999999986
13783,229.94638333333333,1089.0,535.0,32.0,1.0499999523162158,17.842757798511773,0.0,1.0499999523162353,17.91570315644323,61.72943499249284,61.72943499249284,179.99999999999986
13784,229.96306666666666,1090.0,534.0,32.0,1.049999952316222,20.189684623699815,0.0,1.0499999523162271,18.945555896901293,1.0648743049921083,1.0648743049921083,179.99999999999986
13785,229.97975,1089.0,534.0,32.0,1.0499999523162307,18.536840572046824,0.0,1.0499999523162138,18.92779024391301,217.44446061297094,217.44446061297094,179.99999999999986
13786,229.99643333333333,1090.0,532.0,32.0,1.0499999523161998,22.328547194473817,0.0,1.0499999523162047,22.555488661805988,354.49239091830003,354.49239091830003,179.99999999999986
13787,230.01311666666666,1090.0,531.0,32.0,1.0499999523161792,23.658839173750394,0.0,1.0499999523161896,28.469603383626154,247.27221405507066,247.27221405507066,179.99999999999986
13788,230.0298,1092.0,529.0,32.0,1.0499999523161767,39.30781478774917,0.0,1.0499999523161805,32.59492815477815,33.25405517906205,33.25405517906205,179.99999999999986
13789,230.04648333333333,1092.0,529.0,32.0,1.0499999523161767,39.30781478774917,0.0,1.0499999523161867,32.040139667540814,888.1959496354945,888.1959496354945,179.99999999999986
13790,230.06316666666666,1091.0,528.0,31.0,1.04999995231617,35.361485942715284,0.0,1.0499999523161525,46.85820876062596,2154.3858212930672,2154.3858212930672,179.99999999999986
13791,230.07985,1093.0,529.0,32.0,1.0499999523161296,52.228777150187476,0.0,1.0499999523160573,82.80054554586445,515.8443846581123,515.8443846581123,179.99999999999986
13792,230.09653333333333,1094.0,528.0,32.0,1.049999952315976,116.66666473077039,0.0,1.0499999523160344,91.40654936324376,534.8648577697243,534.8648577697243,179.99999999999986
13793,230.11321666666666,1094.0,528.0,32.0,1.049999952315976,116.66666473077039,0.0,1.0499999523160288,82.48322065278573,6802.948624687739,6802.948624687739,179.99999999999986
13794,230.1299,1096.0,524.0,33.0,1.0499999523163561,-35.866651695432445,0.0,1.0499999523164039,-31.012638902418683,3802.27628633184,3802.27628633184,179.99999999999986
13795,230.14658333333333,1096.0,527.0,34.0,1.049999952316499,-84.8146795303133,0.0,1.0499999523165884,-94.44728161272005,4500.985305793815,4500.985305793815,179.99999999999986
13796,230.16326666666666,1095.0,527.0,33.0,1.0499999523173977,-299.5807907034431,0.0,1.0499999523168615,-169.53871979771176,2539.7217867674844,2539.7217867674844,179.99999999999986
13797,230.17995,1097.0,525.0,33.0,1.0499999523163763,-30.944582966443022,0.0,1.0499999523170622,-211.90974494028163,557.705995833698,557.705995833698,179.99999999999986
13798,230.19663333333332,1095.0,527.0,35.0,1.0499999523173977,-299.5807907034431,0.0,1.0499999523170915,-221.2141399707736,2501.1002059010307,2501.1002059010307,179.99999999999986
13799,230.21331666666666,1094.0,525.0,36.0,1.04999995231714,-235.49182540543208,0.0,1.0499999523169197,-179.48745153565906,111.10692327365713,111.10692327365713,179.99999999999986
13800,230.23000000000002,1095.0,526.0,36.0,1.0499999523166665,-125.33156843844031,0.0,1.049999952316926,-177.63381769904043,5347.2914416947815,5347.2914416947815,179.99999999999986
13801,230.24668333333335,1095.0,525.0,37.0,1.0499999523165897,-77.64738206706787,0.0,1.04999995231659,-88.42317214676794,1544.96505865008,1544.96505865008,179.99999999999986
13802,230.26336666666668,1095.0,525.0,36.0,1.0499999523165897,-77.64738206706787,0.0,1.0499999523165193,-62.64800508495638,188.90398741234142,188.90398741234142,179.99999999999986
13803,230.28005000000002,1097.0,527.0,37.0,1.0499999523164179,-47.82070230144192,0.0,1.049999952316521,-65.7995532749522,383.5645664971624,383.5645664971624,179.99999999999986
13804,230.29673333333335,1095.0,525.0,36.0,1.0499999523165897,-77.64738206706787,0.0,1.0499999523164645,-59.400417757224695,527.1048821527005,527.1048821527005,179.99999999999986
13805,230.31341666666668,1096.0,526.0,38.0,1.0499999523163914,-59.34263730105599,0.0,1.0499999523164296,-50.606551306644015,309.41436175917784,309.41436175917784,179.99999999999986
13806,230.33010000000002,1101.0,530.0,40.0,1.049999952316348,-22.514901684202094,0.0,1.0499999523164196,-45.444488371295186,779.7745293061498,779.7745293061498,179.99999999999986
13807,230.34678333333335,1099.0,530.0,40.0,1.049999952316445,-42.147513151209814,0.0,1.0499999523163825,-32.435249974037895,147.5501225423203,147.5501225423203,179.99999999999986
13808,230.36346666666668,1099.0,529.0,40.0,1.04999995231639,-34.12223419965406,0.0,1.049999952316396,-29.973622096290242,99.69791782125634,99.69791782125634,179.99999999999986
13809,230.38015000000001,1097.0,524.0,40.0,1.049999952316387,-25.939201451546808,0.0,1.0499999523163874,-31.636915691941496,450.9064608329676,450.9064608329676,179.99999999999986
13810,230.39683333333335,1098.0,526.0,40.0,1.049999952316347,-27.132955015241688,0.0,1.0499999523163657,-24.114292903711664,19.10709558927709,19.10709558927709,179.99999999999986
13811,230.41351666666668,1099.0,527.0,41.0,1.049999952316366,-24.094079244121605,0.0,1.0499999523163648,-23.7955228589639,59.06434140963443,59.06434140963443,179.99999999999986
13812,230.4302,1104.0,534.0,45.0,1.0499999523163808,-19.212644868510804,0.0,1.049999952316368,-24.78091295481461,57.81389070416103,57.81389070416103,179.99999999999986
13813,230.44688333333335,1100.0,530.0,43.0,1.04999995231636,-29.719914602416456,0.0,1.0499999523163763,-23.816384544900213,79.59954966353709,79.59954966353709,179.99999999999986
13814,230.46356666666668,1105.0,537.0,46.0,1.049999952316378,-22.879526867853286,0.0,1.0499999523163708,-22.488398724680234,145.62052491991062,145.62052491991062,179.99999999999986
13815,230.48025,1105.0,535.0,46.0,1.049999952316361,-17.566173926944565,0.0,1.049999952316357,-20.05896296726645,283.09752788776115,283.09752788776115,179.99999999999986
13816,230.49693333333335,1105.0,534.0,46.0,1.0499999523163417,-15.581603337455517,0.0,1.049999952316348,-15.335952543672413,102.91451362080738,102.91451362080738,179.99999999999986
13817,230.51361666666668,1105.0,533.0,47.0,1.0499999523163241,-13.90571608125528,0.0,1.0499999523163341,-13.61899540809865,65.94579611227267,65.94579611227267,179.99999999999986
13818,230.5303,1105.0,532.0,47.0,1.0499999523163335,-12.471689360931721,0.0,1.0499999523163255,-12.518799709625593,83.86018117342284,83.86018117342284,179.99999999999986
13819,230.54698333333334,1105.0,531.0,46.0,1.04999995231632,-11.230689737894766,0.0,1.0499999523163193,-11.119732353715689,66.9918988280329,66.9918988280329,179.99999999999986
13820,230.56366666666668,1105.0,530.0,47.0,1.049999952316307,-10.146201223925246,0.0,1.0499999523163133,-10.0020841749347,14.732322234040707,14.732322234040707,179.99999999999986
13821,230.58035,1106.0,530.0,47.0,1.0499999523163066,-8.638266184769183,0.0,1.0499999523163088,-9.756299932330126,126.0323360239337,126.0323360239337,179.99999999999986
13822,230.59703333333334,1106.0,530.0,47.0,1.0499999523163066,-8.638266184769183,0.0,1.0499999523163093,-7.6536604596642155,140.91277101381633,140.91277101381633,179.99999999999986
13823,230.61371666666668,1106.0,529.0,47.0,1.0499999523163146,-7.855905452212088,0.0,1.0499999523163068,-5.302765729917102,58.38626718753334,58.38626718753334,179.99999999999986
13824,230.6304,1117.0,522.0,41.0,1.0499999523163028,-0.30438800753777867,0.0,1.0499999523163084,-4.328688172338444,21.845760512083423,21.845760512083423,179.99999999999986
13825,230.64708333333334,1111.0,529.0,49.0,1.0499999523162993,-3.7982058404615646,0.0,1.0499999523163102,-3.9642280677951938,35.40491252590401,35.40491252590401,179.99999999999986
13826,230.66376666666667,1106.0,528.0,47.0,1.0499999523163217,-7.153098309454566,0.0,1.0499999523163113,-4.554900025102345,114.84879838280271,114.84879838280271,179.99999999999986
13827,230.68045,1107.0,527.0,46.0,1.049999952316312,-5.625246651416032,0.0,1.0499999523163164,-6.470960811455392,12.960248876878664,12.960248876878664,179.99999999999986
13828,230.69713333333334,1107.0,527.0,46.0,1.049999952316312,-5.625246651416032,0.0,1.0499999523163155,-6.254740659359471,1.1467243460075474,1.1467243460075474,179.99999999999986
13829,230.71381666666667,1106.0,527.0,47.0,1.0499999523163126,-6.51829783136784,0.0,1.0499999523163093,-6.273871843865363,59.77382766278269,59.77382766278269,179.99999999999986
13830,230.7305,1110.0,531.0,49.0,1.0499999523163002,-5.248677142492707,0.0,1.0499999523163048,-5.276645152357962,128.1258813498007,128.1258813498007,179.99999999999986
13831,230.74718333333334,1110.0,531.0,49.0,1.0499999523163002,-5.248677142492707,0.0,1.0499999523162986,-3.1390783651721708,24.695122987153027,24.695122987153027,179.99999999999986
13836,230.8306,1126.0,518.0,41.0,1.0499999523162922,1.2820531876640342,0.0,1.0499999523162968,-1.079093522660538,8.802666625017396,8.802666625017396,179.99999999999986
13846,230.99743333333333,1124.0,521.0,41.0,1.0499999523162944,0.8439356352404511,0.0,1.0499999523162982,0.3894846926131631,41.60003763306226,41.60003763306226,179.99999999999986
13847,231.01411666666667,1119.0,524.0,44.0,1.0499999523163033,-0.19621567167779583,0.0,1.049999952316298,1.0835119871247354,27.020235081336782,27.020235081336782,179.99999999999986
13848,231.0308,1125.0,521.0,42.0,1.0499999523162948,0.9544022331150717,0.0,1.0499999523162973,0.6327243985177774,26.503489243463225,26.503489243463225,179.99999999999986
13849,231.04748333333333,1124.0,520.0,41.0,1.0499999523162915,0.9289627772883361,0.0,1.0499999523162948,1.0748909440628784,34.793800488705706,34.793800488705706,179.99999999999986
13850,231.06416666666667,1131.0,514.0,39.0,1.0499999523162893,1.8965839793058354,0.0,1.0499999523162922,1.6553675155494383,7.977686836085972,7.977686836085972,179.99999999999986
13851,231.08085,1130.0,516.0,39.0,1.0499999523162933,1.7237691824531145,0.0,1.0499999523162922,1.7884619242648028,10.114009656680945,10.114009656680945,179.99999999999986
13852,231.09753333333333,1133.0,515.0,40.0,1.049999952316292,1.9653680760342167,0.0,1.0499999523162926,1.9571973187037592,5.262238547891935,5.262238547891935,179.99999999999986
13853,231.11421666666666,1131.0,516.0,39.0,1.0499999523162893,1.7907520289274226,0.0,1.0499999523162926,1.8694056389297642,0.18131998395624718,0.18131998395624718,179.99999999999986
13854,231.1309,1133.0,515.0,39.0,1.049999952316292,1.9653680760342167,0.0,1.0499999523162928,1.8724306606621008,7.662219074303514,7.662219074303514,179.99999999999986
13855,231.14758333333333,1131.0,517.0,39.0,1.0499999523162915,1.7357453595936658,0.0,1.0499999523162928,1.7445993057724736,0.09897277210967062,0.09897277210967062,179.99999999999986
13856,231.16426666666666,1130.0,516.0,37.0,1.0499999523162933,1.7237691824531145,0.0,1.0499999523162924,1.742948110024444,0.26666745508188366,0.26666745508188366,179.99999999999986
13857,231.18095,1130.0,518.0,38.0,1.0499999523162888,1.60769520000887,0.0,1.0499999523162924,1.7384992079821613,3.7997587116928524,3.7997587116928524,179.99999999999986
13858,231.19763333333333,1132.0,514.0,37.0,1.0499999523162895,1.9565305907990955,0.0,1.0499999523162922,1.8018918491555689,2.411275130968442,2.411275130968442,179.99999999999986
13859,231.21431666666666,1132.0,516.0,38.0,1.0499999523162937,1.8546546334594156,0.0,1.0499999523162915,1.7616637423872463,11.119441379999547,11.119441379999547,179.99999999999986
13860,231.231,1130.0,514.0,38.0,1.049999952316289,1.833822749520411,0.0,1.0499999523162928,1.9471730894102344,16.78379662583679,16.78379662583679,179.99999999999986
13861,231.24768333333333,1133.0,516.0,38.0,1.04999995231629,1.9156846904348646,0.0,1.049999952316292,2.227182763117938,5.278550867821343,5.278550867821343,179.99999999999986
13866,231.3311,1144.0,500.0,42.0,1.0499999523162924,2.926182596212899,0.0,1.04999995231629,2.667501881342025,12.147205776294406,12.147205776294406,179.99999999999986
13867,231.34778333333333,1146.0,499.0,42.0,1.0499999523162857,3.000454736705967,0.0,1.0499999523162902,2.8701577643765317,2.56632425677861,2.56632425677861,179.99999999999986
13868,231.36446666666666,1145.0,501.0,41.0,1.0499999523162884,2.925626905432613,0.0,1.0499999523162904,2.8273429213592762,17.710657207289692,17.710657207289692,179.99999999999986
13869,231.38115,1130.0,505.0,46.0,1.0499999523162908,2.2658074630465346,0.0,1.0499999523162906,2.531870123617667,11.07495376725448,11.07495376725448,179.99999999999986
13870,231.39783333333332,1132.0,505.0,45.0,1.0499999523162915,2.3587790381555607,0.0,1.0499999523162922,2.347102978267309,3.672000586213849,3.672000586213849,179.99999999999986
13871,231.41451666666666,1133.0,506.0,45.0,1.04999995231629,2.3631378551171114,0.0,1.049999952316292,2.2858417684873094,0.8046382815794522,0.8046382815794522,179.99999999999986
13872,231.43120000000002,1132.0,506.0,44.0,1.0499999523162895,2.3181139449636454,0.0,1.0499999523162915,2.2992658171516824,1.2799759848530965,1.2799759848530965,179.99999999999986
13875,231.48125000000002,1133.0,506.0,45.0,1.04999995231629,2.3631378551171114,0.0,1.0499999523162902,2.3633286151935784,9.57337807642243,9.57337807642243,179.99999999999986
13876,231.49793333333335,1132.0,506.0,45.0,1.0499999523162895,2.3181139449636454,0.0,1.0499999523162904,2.5230444727685555,3.8065301822638693,3.8065301822638693,179.99999999999986
13879,231.54798333333335,1145.0,502.0,38.0,1.0499999523162868,2.8994668696150647,0.0,1.0499999523162904,2.7135613083908576,8.472912379224882,8.472912379224882,179.99999999999986
13880,231.56466666666668,1144.0,501.0,37.0,1.0499999523162908,2.8998437521019262,0.0,1.0499999523162904,2.8549177299175894,4.952698117974275,4.952698117974275,179.99999999999986
13881,231.58135000000001,1144.0,502.0,37.0,1.0499999523162895,2.8730447079807337,0.0,1.0499999523162908,2.937545243519125,4.737336798760081,4.737336798760081,179.99999999999986
13882,231.59803333333335,1143.0,502.0,36.0,1.0499999523162893,2.8457732964285953,0.0,1.049999952316291,2.858510674593146,1.3469200558328602,1.3469200558328602,179.99999999999986
13883,231.61471666666668,1144.0,502.0,36.0,1.0499999523162895,2.8730447079807337,0.0,1.04999995231629,2.836039558328335,0.24944391059128662,0.24944391059128662,179.99999999999986
13884,231.6314,1142.0,503.0,35.0,1.0499999523162875,2.788935988003412,0.0,1.0499999523162895,2.8402011142366996,2.5899746020029193,2.5899746020029193,179.99999999999986
13885,231.64808333333335,1143.0,503.0,36.0,1.0499999523162877,2.8178154426994317,0.0,1.0499999523162888,2.7969917046266186,2.5397852443019953,2.5397852443019953,179.99999999999986
13886,231.66476666666668,1143.0,503.0,36.0,1.0499999523162877,2.8178154426994317,0.0,1.0499999523162895,2.754619620800848,1.392007004041968,1.392007004041968,179.99999999999986
13887,231.68145,1140.0,506.0,36.0,1.0499999523162886,2.634083111278438,0.0,1.0499999523162908,2.7313963039500817,2.5531959038775667,2.5531959038775667,179.99999999999986
13888,231.69813333333335,1141.0,504.0,34.0,1.049999952316292,2.7291138754372453,0.0,1.0499999523162913,2.688800485620392,0.2649342517549041,0.2649342517549041,179.99999999999986
13889,231.71481666666668,1141.0,505.0,34.0,1.0499999523162904,2.6985737801530068,0.0,1.0499999523162926,2.6843804991869478,0.8596061747742685,0.8596061747742685,179.99999999999986
13890,231.7315,1140.0,505.0,34.0,1.0499999523162902,2.6660654986839867,0.0,1.0499999523162926,2.698721595536098,0.6716023190908589,0.6716023190908589,179.99999999999986
13891,231.74818333333334,1137.0,500.0,30.0,1.0499999523162942,2.7254701086863045,0.0,1.0499999523162935,2.687517030179266,0.7274228926800459,0.7274228926800459,179.99999999999986
13892,231.76486666666668,1140.0,505.0,34.0,1.0499999523162902,2.6660654986839867,0.0,1.0499999523162935,2.6996528687721444,0.6516361777745733,0.6516361777745733,179.99999999999986
13893,231.78155,1137.0,500.0,30.0,1.0499999523162942,2.7254701086863045,0.0,1.0499999523162922,2.7105243323380166,0.4006521713846499,0.4006521713846499,179.99999999999986
13894,231.79823333333334,1135.0,498.0,29.0,1.049999952316287,2.7235615134454485,0.0,1.0499999523162904,2.7172085460639503,0.6703606757778312,0.6703606757778312,179.99999999999986
13895,231.81491666666668,1135.0,498.0,29.0,1.049999952316287,2.7235615134454485,0.0,1.0499999523162895,2.7283923966715102,2.177229376906208,2.177229376906208,179.99999999999986
13896,231.8316,1135.0,497.0,29.0,1.0499999523162888,2.7550028617548747,0.0,1.0499999523162893,2.7647158401095613,1.0911896229094766,1.0911896229094766,179.99999999999986
13897,231.84828333333334,1135.0,497.0,29.0,1.0499999523162888,2.7550028617548747,0.0,1.0499999523162904,2.782920520318434,0.30368238200261605,0.30368238200261605,179.99999999999986
13898,231.86496666666667,1136.0,494.0,29.0,1.0499999523162906,2.8746822145869984,0.0,1.0499999523162906,2.787986954724844,0.6441438872652512,0.6441438872652512,179.99999999999986
13899,231.88165,1132.0,495.0,29.0,1.049999952316288,2.7205823039550405,0.0,1.0499999523162902,2.777240487538969,0.5795662046990252,0.5795662046990252,179.99999999999986
13900,231.89833333333334,1133.0,495.0,29.0,1.0499999523162882,2.7535539944794474,0.0,1.0499999523162897,2.7675713913572406,2.0093191515895827,2.0093191515895827,179.99999999999986
13901,231.91501666666667,1133.0,495.0,29.0,1.0499999523162882,2.7535539944794474,0.0,1.049999952316289,2.734049250178222,0.2441407586074042,0.2441407586074042,179.99999999999986
13902,231.9317,1133.0,495.0,29.0,1.0499999523162882,2.7535539944794474,0.0,1.0499999523162902,2.738122331834322,1.7803021395774148,1.7803021395774148,179.99999999999986
13903,231.94838333333334,1132.0,496.0,28.0,1.0499999523162897,2.6876997185753315,0.0,1.0499999523162913,2.708420957805706,1.6987907705286902,1.6987907705286902,179.99999999999986
13904,231.96506666666667,1133.0,497.0,27.0,1.0499999523162915,2.6889866398920157,0.0,1.049999952316292,2.6800794651173865,1.805500840180793,1.805500840180793,179.99999999999986
13905,231.98175,1132.0,497.0,28.0,1.0499999523162913,2.654144283184214,0.0,1.049999952316293,2.6499576927670376,1.4264605997161555,1.4264605997161555,179.99999999999986
13906,231.99843333333334,1132.0,497.0,28.0,1.0499999523162913,2.654144283184214,0.0,1.0499999523162926,2.6737558104389683,0.24203932844012982,0.24203932844012982,179.99999999999986
13907,232.01511666666667,1132.0,497.0,28.0,1.0499999523162913,2.654144283184214,0.0,1.0499999523162913,2.677793833235111,0.06797378057133656,0.06797378057133656,179.99999999999986
13910,232.06516666666667,1133.0,495.0,26.0,1.0499999523162882,2.7535539944794474,0.0,1.0499999523162908,2.6743917455175157,0.42045784351257,0.42045784351257,179.99999999999986
13915,232.14858333333333,1130.0,496.0,28.0,1.049999952316289,2.6160459136227625,0.0,1.0499999523162906,2.7094649372971884,0.6261467557637811,0.6261467557637811,179.99999999999986
13922,232.26536666666667,1128.0,494.0,30.0,1.049999952316292,2.612063230485551,0.0,1.0499999523162924,2.6363414320032432,1.9231751957397962,1.9231751957397962,179.99999999999986
13927,232.34878333333333,1128.0,494.0,31.0,1.049999952316292,2.612063230485551,0.0,1.0499999523162953,2.475916567758619,0.771485597265419,0.771485597265419,179.99999999999986
13960,232.89933333333335,1095.0,469.0,38.0,1.0499999523162977,2.0487975182746534,0.0,1.0499999523162975,2.0511751721841307,28.129016547597974,28.129016547597974,179.99999999999986
13961,232.91601666666668,1091.0,469.0,35.0,1.0499999523162968,1.694346688937286,0.0,1.0499999523162975,1.5818894127817156,22.855059799459834,22.855059799459834,179.99999999999986
13962,232.9327,1086.0,471.0,35.0,1.0499999523162957,0.8397145008752017,0.0,1.0499999523162955,1.2005908317940697,1.5538039516310926,1.5538039516310926,179.99999999999986
13964,232.96606666666668,1087.0,470.0,36.0,1.0499999523162917,1.1143024477148171,0.0,1.0499999523162928,1.1487455732746468,28.67389595490457,28.67389595490457,179.99999999999986
13965,232.98275,1086.0,470.0,35.0,1.0499999523162913,0.9633959213370745,0.0,1.0499999523163008,0.6703694090936668,93.07039873842236,93.07039873842236,179.99999999999986
13966,232.99943333333334,1085.0,471.0,36.0,1.0499999523163037,0.6649713581138413,0.0,1.0499999523163097,-0.8823550765256427,60.805845439914926,60.805845439914926,179.99999999999986
13967,233.01611666666668,1080.0,474.0,38.0,1.049999952316324,-1.2622591334430517,0.0,1.049999952316305,0.1320891115635808,200.76250849782178,200.76250849782178,179.99999999999986
13968,233.0328,1081.0,473.0,38.0,1.0499999523162935,-0.6573352911068193,0.0,1.0499999523162897,3.4814769616688284,13.659788171309334,13.659788171309334,179.99999999999986
13976,233.16626666666667,1048.0,467.0,41.0,1.0499999523162535,10.54127465463655,0.0,1.0499999523162784,5.304603356266204,190.80215850072588,190.80215850072588,179.99999999999986
13977,233.18295,1048.0,468.0,41.0,1.0499999523162615,10.360768978798419,0.0,1.049999952316266,8.48781936725324,75.78962511254886,75.78962511254886,179.99999999999986
13979,233.21631666666667,1116.0,365.0,18.0,1.0499999523162864,4.556079531215292,0.0,1.0499999523162644,11.016666525175227,19.175982800413774,19.175982800413774,179.99999999999986
13980,233.233,1052.0,464.0,39.0,1.049999952316255,14.582186352052176,0.0,1.0499999523162673,11.336585838228789,143.91636087838003,143.91636087838003,179.99999999999986
13981,233.24968333333334,1052.0,464.0,38.0,1.049999952316255,14.582186352052176,0.0,1.0499999523162615,13.737590458883039,72.25772660658981,72.25772660658981,179.99999999999986
13982,233.26636666666667,1051.0,464.0,39.0,1.0499999523162604,13.442672638605478,0.0,1.0499999523162555,14.943090197769617,150.98730615999517,150.98730615999517,179.99999999999986
13983,233.28305,1052.0,464.0,38.0,1.049999952316255,14.582186352052176,0.0,1.0499999523162595,12.424118640000424,102.24672807634384,102.24672807634384,179.99999999999986
13984,233.29973333333334,1043.0,464.0,35.0,1.0499999523162595,9.214159231986644,0.0,1.0499999523162598,10.718302393260128,83.491502079734,83.491502079734,179.99999999999986
13985,233.31641666666667,1042.0,466.0,36.0,1.0499999523162589,8.778464115694355,0.0,1.0499999523162582,9.325385833563265,54.5401553926038,54.5401553926038,179.99999999999986
13986,233.3331,1043.0,466.0,38.0,1.0499999523162564,9.013691473522318,0.0,1.0499999523162609,8.41547424109668,19.407936028253783,19.407936028253783,179.99999999999986
13988,233.36646666666667,1041.0,462.0,36.0,1.0499999523162582,8.891693402101163,0.0,1.0499999523162595,9.0630523732394,7.976733967626964,7.976733967626964,179.99999999999986
13989,233.38315,1042.0,461.0,35.0,1.0499999523162649,9.259772261667496,0.0,1.0499999523162598,9.19613088493264,8.88066035132569,8.88066035132569,179.99999999999986
13990,233.39983333333333,1043.0,463.0,36.0,1.0499999523162529,9.32462406762868,0.0,1.0499999523162624,9.04797186807136,16.614736855863416,16.614736855863416,179.99999999999986
13991,233.41651666666667,1041.0,464.0,36.0,1.0499999523162646,8.719741236907858,0.0,1.0499999523162649,8.770782674859378,11.133835858650727,11.133835858650727,179.99999999999986
13992,233.4332,1039.0,464.0,36.0,1.0499999523162684,8.320465983184084,0.0,1.0499999523162644,8.585033179950893,5.6113120476384,5.6113120476384,179.99999999999986
13993,233.44988333333333,1040.0,466.0,36.0,1.0499999523162635,8.375567722082845,0.0,1.0499999523162655,8.491417790622794,9.781052630840902,9.781052630840902,179.99999999999986
13994,233.46656666666667,1043.0,467.0,37.0,1.0499999523162573,8.922462969116788,0.0,1.0499999523162626,8.654598352013986,19.25304558163421,19.25304558163421,179.99999999999986
13995,233.48325,1040.0,466.0,35.0,1.0499999523162635,8.375567722082845,0.0,1.0499999523162638,8.33339337489373,29.320049182067425,29.320049182067425,179.99999999999986
13996,233.49993333333333,1039.0,466.0,35.0,1.0499999523162653,8.201726453510716,0.0,1.0499999523162673,7.844237221039583,5.042573087637078,5.042573087637078,179.99999999999986
14001,233.58335,1024.0,471.0,29.0,1.0499999523162724,6.672291446393434,0.0,1.049999952316271,7.4236025826458665,9.169989441343763,9.169989441343763,179.99999999999986
14002,233.60003333333333,1036.0,476.0,36.0,1.0499999523162706,7.4377476283187605,0.0,1.0499999523162726,7.270616592132785,0.8152828824417303,0.8152828824417303,179.99999999999986
14008,233.70013333333333,1039.0,479.0,49.0,1.0499999523162713,7.649877445871307,0.0,1.0499999523162744,7.3522264086652,19.120820529769052,19.120820529769052,179.99999999999986
14009,233.71681666666666,1038.0,483.0,46.0,1.0499999523162735,7.439319972898391,0.0,1.0499999523162735,7.671225431170173,139.48646814796018,139.48646814796018,179.99999999999986
14010,233.7335,1038.0,473.0,44.0,1.0499999523162735,7.7431510760465505,0.0,1.0499999523162828,5.344126187568426,349.39656038024435,349.39656038024435,179.99999999999986
14011,233.75018333333333,1037.0,473.0,49.0,1.0499999523162682,7.628833903365791,0.0,1.049999952316256,11.173225469912031,195.72635285372695,195.72635285372695,179.99999999999986
14012,233.76686666666666,1037.0,474.0,48.0,1.0499999523162684,7.596419294744619,0.0,1.0499999523162404,14.438593456688299,9.050915579102988,9.050915579102988,179.99999999999986
14017,233.85028333333335,1059.0,468.0,27.0,1.049999952316165,31.623862908092224,0.0,1.0499999523162376,15.193590664578712,80.96225959180903,80.96225959180903,179.99999999999986
14018,233.86696666666668,1016.0,465.0,30.0,1.049999952316275,6.345659215692208,0.0,1.0499999523162455,13.84287030038873,245.77105926136244,245.77105926136244,179.99999999999986
14019,233.88365000000002,1017.0,457.0,34.0,1.0499999523162795,6.434222135462994,0.0,1.0499999523162622,9.742589795045097,193.31373173063156,193.31373173063156,179.99999999999986
14021,233.91701666666668,1015.0,460.0,30.0,1.0499999523162749,6.328486713753611,0.0,1.0499999523162895,3.292354946299843,106.0149805032746,106.0149805032746,179.99999999999986
14022,233.93370000000002,934.0,342.0,20.0,1.0499999523162793,4.292449340888435,0.0,1.049999952316282,5.061038204362766,6.1193361589034945,6.1193361589034945,179.99999999999986
14028,234.0338,1072.0,367.0,25.0,1.0499999523162855,4.523071493210918,0.0,1.0499999523162848,4.44849265485654,3.0358738039802566,3.0358738039802566,179.99999999999986
14030,234.06716666666668,1075.0,374.0,20.0,1.0499999523162875,4.439224146306089,0.0,1.0499999523162875,4.347195665597068,15.32301720729319,15.32301720729319,179.99999999999986
14031,234.08385,1076.0,377.0,19.0,1.0499999523162864,4.401856375155552,0.0,1.0499999523162877,4.602834669338737,4.238249474113503,4.238249474113503,179.99999999999986
14032,234.10053333333335,1138.0,263.0,18.0,1.0499999523162846,4.977890309728917,0.0,1.0499999523162882,4.532126540612278,0.9303423917271413,0.9303423917271413,179.99999999999986
14040,234.234,1074.0,387.0,24.0,1.0499999523162884,4.243536390573981,0.0,1.0499999523162904,4.4079568427297655,4.238404177897245,4.238404177897245,179.99999999999986
14041,234.25068333333334,1068.0,388.0,21.0,1.0499999523162922,4.185539137881684,0.0,1.049999952316291,4.337246133028515,9.33351929526209,9.33351929526209,179.99999999999986
14042,234.26736666666667,1068.0,388.0,21.0,1.0499999523162922,4.185539137881684,0.0,1.049999952316292,4.181531919452563,9.277392530181347,9.277392530181347,179.99999999999986
14043,234.28405,1227.0,382.0,24.0,1.0499999523162842,4.500987984428014,0.0,1.0499999523162897,4.336309751497751,1.6105725001448925,1.6105725001448925,179.99999999999986
14045,234.31741666666667,1069.0,387.0,21.0,1.0499999523162904,4.211990237233388,0.0,1.0499999523162895,4.282570315742918,7.127256580238952,7.127256580238952,179.99999999999986
14046,234.3341,1226.0,380.0,27.0,1.0499999523162848,4.508282827245274,0.0,1.0499999523162882,4.401476713023235,11.91806001451689,11.91806001451689,179.99999999999986
14047,234.35078333333334,1069.0,387.0,21.0,1.0499999523162904,4.211990237233388,0.0,1.049999952316287,4.600309680932087,39.53670752198827,39.53670752198827,179.99999999999986
14048,234.36746666666667,938.0,465.0,58.0,1.0499999523162789,5.213544874827068,0.0,1.0499999523162815,5.259913751423909,24.264532626960158,24.264532626960158,179.99999999999986
14049,234.38415,937.0,469.0,54.0,1.0499999523162793,5.221685983015815,0.0,1.0499999523162826,4.8551004654308,37.56567850458632,37.56567850458632,179.99999999999986
14050,234.40083333333334,940.0,474.0,51.0,1.0499999523162789,5.253723632692823,0.0,1.0499999523162853,4.228379729045966,25.27659865927338,25.27659865927338,179.99999999999986
14052,234.4342,1099.0,478.0,58.0,1.049999952316297,1.7503607853651335,0.0,1.0499999523162906,3.3849838871148976,30.435219964704597,30.435219964704597,179.99999999999986
14053,234.45088333333334,1113.0,463.0,65.0,1.0499999523162928,3.134395282744196,0.0,1.049999952316294,2.8772229673704213,2.9245609848557645,2.9245609848557645,179.99999999999986
14055,234.48425,1114.0,461.0,65.0,1.0499999523162897,3.2161058637086484,0.0,1.049999952316295,2.779640115842403,30.876060407756913,30.876060407756913,179.99999999999986
14056,234.50093333333334,1113.0,461.0,64.0,1.0499999523162926,3.191431575642273,0.0,1.0499999523162917,3.2947557236451352,40.93186628608142,40.93186628608142,179.99999999999986
14057,234.51761666666667,1113.0,464.0,63.0,1.049999952316291,3.104989108923477,0.0,1.0499999523162937,2.6118757544390263,78.20812546158784,78.20812546158784,179.99999999999986
14058,234.5343,1112.0,464.0,62.0,1.0499999523162873,3.076931090534575,0.0,1.0499999523162886,3.9166479808898194,45.98493996695444,45.98493996695444,179.99999999999986
14059,234.55098333333333,1113.0,464.0,63.0,1.049999952316291,3.104989108923477,0.0,1.049999952316284,4.683830062671825,3.254716134213679,3.254716134213679,179.99999999999986
14061,234.58435,1079.0,571.0,27.0,1.0499999523162677,8.595101634356968,0.0,1.0499999523162826,4.792429091016752,7.6203904430666025,7.6203904430666025,179.99999999999986
14065,234.65108333333333,1115.0,477.0,52.0,1.0499999523162862,2.738083622359037,0.0,1.049999952316284,4.2838950354494525,64.50350898174386,64.50350898174386,179.99999999999986
14066,234.66776666666667,1108.0,480.0,47.0,1.0499999523162897,2.2765219191341983,0.0,1.0499999523162866,3.2077614939373844,91.822825584571,91.822825584571,179.99999999999986
14067,234.68445,1107.0,480.0,48.0,1.0499999523162893,2.21675886400078,0.0,1.0499999523162926,1.6758506871014942,25.332587326213435,25.332587326213435,179.99999999999986
14068,234.70113333333333,1109.0,484.0,47.0,1.0499999523162902,2.1229563353627454,0.0,1.0499999523162913,2.0984826856604784,1.3897355985476934,1.3897355985476934,179.99999999999986
14069,234.71781666666666,1109.0,484.0,46.0,1.0499999523162902,2.1229563353627454,0.0,1.049999952316291,2.1216681078962485,1.161584812255809,1.161584812255809,179.99999999999986
14070,234.7345,1108.0,484.0,47.0,1.0499999523162897,2.0571168751536044,0.0,1.0499999523162924,2.102289001278448,1.0824892805057111,1.0824892805057111,179.99999999999986
14071,234.75118333333333,1109.0,483.0,46.0,1.0499999523162924,2.1777991414978564,0.0,1.0499999523162937,2.0842294717820113,1.5403486449450308,1.5403486449450308,179.99999999999986
14072,234.76786666666666,1109.0,486.0,47.0,1.049999952316295,2.0083667615218306,0.0,1.0499999523162955,2.0585313218888457,1.652871488641851,1.652871488641851,179.99999999999986
14073,234.78455,1109.0,486.0,46.0,1.049999952316295,2.0083667615218306,0.0,1.0499999523162962,2.0309559158866715,3.0345689851379922,3.0345689851379922,179.99999999999986
14074,234.80123333333333,1109.0,486.0,46.0,1.049999952316295,2.0083667615218306,0.0,1.0499999523162966,1.9803291899846205,2.4974720908376162,2.4974720908376162,179.99999999999986
14075,234.81791666666666,1109.0,487.0,46.0,1.0499999523162926,1.948471614203019,0.0,1.0499999523162946,1.9386630306024806,3.605655836446674,3.605655836446674,179.99999999999986
14076,234.8346,1109.0,488.0,46.0,1.0499999523162953,1.886736376045076,0.0,1.0499999523162937,1.8785086723977633,3.964883041146108,3.964883041146108,179.99999999999986
14077,234.85128333333333,1110.0,491.0,46.0,1.0499999523162882,1.7711978625149696,0.0,1.049999952316294,1.812361206994644,30.325785300421916,30.325785300421916,179.99999999999986
14078,234.86796666666666,1108.0,488.0,46.0,1.049999952316295,1.8099784156186325,0.0,1.0499999523162966,1.306426022232617,51.543457237461176,51.543457237461176,179.99999999999986
14079,234.88465,1109.0,490.0,44.0,1.0499999523162955,1.7573956903241037,0.0,1.049999952316294,2.166342700477574,73.18831663586577,73.18831663586577,179.99999999999986
14080,234.90133333333333,1108.0,488.0,43.0,1.049999952316295,1.8099784156186325,0.0,1.0499999523162906,3.387367783019239,18.265084564851687,18.265084564851687,179.99999999999986
14084,234.96806666666666,1044.0,557.0,24.0,1.0499999523162749,6.799832453032518,0.0,1.0499999523162846,4.606257759646979,6.110362897338844,6.110362897338844,179.99999999999986
14093,235.11821666666668,932.0,481.0,32.0,1.04999995231628,5.233966152107817,0.0,1.0499999523162806,5.523728748682559,15.758621112124205,15.758621112124205,179.99999999999986
14094,235.13490000000002,932.0,481.0,32.0,1.04999995231628,5.233966152107817,0.0,1.0499999523162793,5.786635077569825,20.991092637250965,20.991092637250965,179.99999999999986
14096,235.16826666666668,929.0,489.0,28.0,1.0499999523162802,5.242605160529181,0.0,1.049999952316282,5.086232286573567,10.137851092774737,10.137851092774737,179.99999999999986
14097,235.18495000000001,929.0,489.0,28.0,1.0499999523162802,5.242605160529181,0.0,1.0499999523162813,5.255365435638022,0.118171522828216,0.118171522828216,179.99999999999986
14098,235.20163333333335,929.0,489.0,28.0,1.0499999523162802,5.242605160529181,0.0,1.0499999523162815,5.253393940732171,0.09922263035179746,0.09922263035179746,179.99999999999986
14103,235.28505,933.0,499.0,18.0,1.0499999523162804,5.288417506663716,0.0,1.0499999523162817,5.245117119650326,0.39450256796643396,0.39450256796643396,179.99999999999986
14108,235.36846666666668,833.0,598.0,109.0,1.0499999523162813,5.1730212868775425,0.0,1.0499999523162824,5.212209030439126,1.4373160528733606,1.4373160528733606,179.99999999999986
14111,235.41851666666668,832.0,598.0,109.0,1.0499999523162813,5.171023204745362,0.0,1.0499999523162826,5.140271361992816,0.29938308186510754,0.29938308186510754,179.99999999999986
14128,235.70213333333334,766.0,596.0,109.0,1.0499999523162815,5.060448246597463,0.0,1.0499999523162826,5.055361330257843,0.09874811182117298,0.09874811182117298,179.99999999999986
14157,236.18595,736.0,556.0,109.0,1.0499999523162813,4.967676768848659,0.0,1.0499999523162826,5.007585347956897,2.384774633905796,2.384774633905796,179.99999999999986
14158,236.20263333333332,736.0,556.0,109.0,1.0499999523162813,4.967676768848659,0.0,1.0499999523162826,4.967799357814569,0.08656489063610587,0.08656489063610587,179.99999999999986
14180,236.56966666666668,617.0,643.0,109.0,1.049999952316282,4.9690043930914936,0.0,1.0499999523162828,4.936027157454762,0.32804977641442434,0.32804977641442434,179.99999999999986
14183,236.61971666666668,580.0,628.0,109.0,1.0499999523162817,4.928617693639069,0.0,1.049999952316283,4.919608266145221,1.2788395175315326,1.2788395175315326,179.99999999999986
14184,236.6364,467.0,604.0,109.0,1.049999952316282,4.847594625347293,0.0,1.0499999523162833,4.8982729601944035,0.18601406249449148,0.18601406249449148,179.99999999999986
14188,236.70313333333334,550.0,632.0,109.0,1.049999952316282,4.914572454704938,0.0,1.0499999523162833,4.885859621757271,0.25709453026867346,0.25709453026867346,179.99999999999986
14190,236.7365,607.0,585.0,109.0,1.049999952316282,4.899769255010082,0.0,1.0499999523162833,4.894438009250569,1.4528806499023619,1.4528806499023619,179.99999999999986
14191,236.75318333333334,607.0,585.0,109.0,1.049999952316282,4.899769255010082,0.0,1.0499999523162833,4.91867690142644,0.17062890525191338,0.17062890525191338,179.99999999999986
14198,236.86996666666667,551.0,632.0,109.0,1.049999952316282,4.915145233970366,0.0,1.0499999523162833,4.898750289108104,0.05766208811923666,0.05766208811923666,179.99999999999986
14203,236.95338333333333,551.0,633.0,109.0,1.049999952316282,4.916110519886852,0.0,1.0499999523162833,4.893940309924158,0.03284132574753785,0.03284132574753785,179.99999999999986
14206,237.00343333333333,466.0,603.0,109.0,1.049999952316282,4.846258231039473,0.0,1.0499999523162833,4.895584018277822,0.1993858776892836,0.1993858776892836,179.99999999999986
14208,237.0368,563.0,628.0,109.0,1.049999952316282,4.918238382321446,0.0,1.0499999523162833,4.902236860396721,0.6964887078556155,0.6964887078556155,179.99999999999986
14210,237.07016666666667,556.0,646.0,109.0,1.0499999523162822,4.931466161417112,0.0,1.0499999523162833,4.925476366948836,0.07245749858235052,0.07245749858235052,179.99999999999986
14211,237.08685,556.0,646.0,109.0,1.0499999523162822,4.931466161417112,0.0,1.0499999523162835,4.9242675343474875,0.03818387467284898,0.03818387467284898,179.99999999999986
14240,237.57066666666668,577.0,631.0,109.0,1.0499999523162822,4.929740269314887,0.0,1.0499999523162833,4.905793539382851,0.21772415019271424,0.21772415019271424,179.99999999999986
14241,237.58735000000001,602.0,537.0,109.0,1.049999952316282,4.839630573857535,0.0,1.0499999523162833,4.90216117481047,0.34374546087859803,0.34374546087859803,179.99999999999986
14244,237.6374,575.0,632.0,109.0,1.049999952316282,4.929486949736333,0.0,1.0499999523162833,4.919365635127443,1.1790092488678856,1.1790092488678856,179.99999999999986
14245,237.65408333333335,577.0,631.0,109.0,1.0499999523162822,4.929740269314887,0.0,1.0499999523162833,4.899695830825498,0.6579817617055453,0.6579817617055453,179.99999999999986
14249,237.72081666666668,531.0,632.0,109.0,1.049999952316282,4.904039814826054,0.0,1.0499999523162833,4.855786514594349,1.6582053967165278,1.6582053967165278,179.99999999999986
14252,237.77086666666668,481.0,483.0,109.0,1.049999952316282,4.727181649550637,0.0,1.0499999523162833,4.772793334488688,0.15182811787764328,0.15182811787764328,179.99999999999986
14255,237.82091666666668,481.0,484.0,109.0,1.0499999523162822,4.728343078418974,0.0,1.0499999523162833,4.7651943371889125,0.04821685552911895,0.04821685552911895,179.99999999999986
14324,238.97206666666668,578.0,512.0,109.0,1.049999952316282,4.796261173622591,0.0,1.0499999523162833,4.820699170431258,3.040001904778781,3.040001904778781,179.99999999999986
14326,239.00543333333334,663.0,626.0,109.0,1.049999952316282,4.987469655701029,0.0,1.0499999523162833,4.922133900654041,0.9911009784170055,0.9911009784170055,179.99999999999986
14330,239.07216666666667,549.0,720.0,20.0,1.049999952316282,4.992512639978312,0.0,1.0499999523162833,4.988273372613734,1.3641745775006442,1.3641745775006442,179.99999999999986
14331,239.08885,549.0,720.0,20.0,1.049999952316282,4.992512639978312,0.0,1.0499999523162833,5.011032351815036,0.32512805609100315,0.32512805609100315,179.99999999999986
14334,239.1389,549.0,722.0,21.0,1.049999952316282,4.994161206934239,0.0,1.0499999523162833,4.994759692607682,0.04366573029210225,0.04366573029210225,179.99999999999986
14335,239.15558333333334,549.0,722.0,21.0,1.049999952316282,4.994161206934239,0.0,1.0499999523162833,4.994031202673975,0.13134083820234008,0.13134083820234008,179.99999999999986
14336,239.17226666666667,549.0,722.0,21.0,1.049999952316282,4.994161206934239,0.0,1.0499999523162833,4.991839999689966,0.011565669047613409,0.011565669047613409,179.99999999999986
14353,239.45588333333333,551.0,712.0,24.0,1.0499999523162817,4.987150107294693,0.0,1.0499999523162833,4.988559783186912,0.19576878783045634,0.19576878783045634,179.99999999999986
14354,239.47256666666667,549.0,710.0,24.0,1.049999952316282,4.984185318729793,0.0,1.0499999523162833,4.985293707243274,0.10528228883725954,0.10528228883725954,179.99999999999986
14355,239.48925,549.0,710.0,24.0,1.049999952316282,4.984185318729793,0.0,1.0499999523162833,4.983537247724506,0.03962402378036069,0.03962402378036069,179.99999999999986
14356,239.50593333333333,548.0,710.0,24.0,1.049999952316282,4.983545810622808,0.0,1.0499999523162833,4.984198308521242,0.032406189498586785,0.032406189498586785,179.99999999999986
14357,239.52261666666666,551.0,710.0,24.0,1.049999952316282,4.985470286974753,0.0,1.0499999523162833,4.98473895178271,0.02507852975191337,0.02507852975191337,179.99999999999986
14358,239.5393,551.0,710.0,24.0,1.049999952316282,4.985470286974753,0.0,1.0499999523162833,4.985157345254071,0.005708633986063067,0.005708633986063067,179.99999999999986
14359,239.55598333333333,551.0,709.0,24.0,1.049999952316282,4.98462821608262,0.0,1.0499999523162833,4.985252584297738,0.01579304834638725,0.01579304834638725,179.99999999999986
14360,239.57266666666666,551.0,710.0,23.0,1.049999952316282,4.985470286974753,0.0,1.0499999523162833,4.984989103607826,0.011897878000038675,0.011897878000038675,179.99999999999986
14361,239.58935,551.0,709.0,23.0,1.049999952316282,4.98462821608262,0.0,1.0499999523162833,4.98518759987246,0.013474340032921828,0.013474340032921828,179.99999999999986
14362,239.60603333333333,551.0,710.0,23.0,1.049999952316282,4.985470286974753,0.0,1.0499999523162833,4.985412396778676,0.037089308957725664,0.037089308957725664,179.99999999999986
14363,239.62271666666666,551.0,710.0,23.0,1.049999952316282,4.985470286974753,0.0,1.0499999523162833,4.984793623474231,0.018170040411650205,0.018170040411650205,179.99999999999986
14365,239.65608333333333,553.0,707.0,24.0,1.049999952316282,4.984228147088227,0.0,1.0499999523162833,4.984187349792496,0.03426002324481305,0.03426002324481305,179.99999999999986
14366,239.67276666666666,553.0,705.0,24.0,1.049999952316282,4.982530782419568,0.0,1.0499999523162833,4.983615778404695,0.04881659468799678,0.04881659468799678,179.99999999999986
14367,239.68945,554.0,705.0,24.0,1.049999952316282,4.98317647089975,0.0,1.0499999523162833,4.982801354883317,0.04497304705382709,0.04497304705382709,179.99999999999986
14368,239.70613333333333,554.0,705.0,24.0,1.049999952316282,4.98317647089975,0.0,1.0499999523162822,4.982051054548302,0.00490937279429637,0.00490937279429637,179.99999999999986
14377,239.85628333333335,550.0,705.0,23.0,1.0499999523162822,4.980605769020194,0.0,1.0499999523162824,4.981313912223238,0.04339566324368402,0.04339566324368402,179.99999999999986
14378,239.87296666666668,550.0,705.0,23.0,1.0499999523162822,4.980605769020194,0.0,1.0499999523162826,4.980589927908123,0.0,0.0,179.99999999999986
